Longitude,Latitude,Rate
-80.00000,-37.00000,0.001
-79.00000,-37.00000,0.001
-78.00000,-37.00000,0.001
-77.00000,-37.00000,0.001
-76.00000,-37.00000,0.001
-75.00000,-37.00000,0.001
-74.00000,-37.00000,0.002
-73.00000,-37.00000,0.002
-72.00000,-37.00000,0.002
-71.00000,-37.00000,0.003
-70.00000,-37.00000,0.003
-69.00000,-37.00000,0.004
-68.00000,-37.00000,0.004
-67.00000,-37.00000,0.005
-66.00000,-37.00000,0.006
-65.00000,-37.00000,0.007
-64.00000,-37.00000,0.008
-63.00000,-37.00000,0.009
-62.00000,-37.00000,0.009
-61.00000,-37.00000,0.009
-60.00000,-37.00000,0.010
-59.00000,-37.00000,0.012
-58.00000,-37.00000,0.013
-57.00000,-37.00000,0.013
-56.00000,-37.00000,0.013
-55.00000,-37.00000,0.014
-54.00000,-37.00000,0.014
-53.00000,-37.00000,0.016
-52.00000,-37.00000,0.018
-51.00000,-37.00000,0.020
-50.00000,-37.00000,0.021
-49.00000,-37.00000,0.023
-48.00000,-37.00000,0.025
-47.00000,-37.00000,0.026
-46.00000,-37.00000,0.025
-45.00000,-37.00000,0.022
-44.00000,-37.00000,0.020
-43.00000,-37.00000,0.018
-42.00000,-37.00000,0.015
-41.00000,-37.00000,0.013
-40.00000,-37.00000,0.012
-39.00000,-37.00000,0.010
-38.00000,-37.00000,0.009
-37.00000,-37.00000,0.007
-36.00000,-37.00000,0.006
-35.00000,-37.00000,0.005
-34.00000,-37.00000,0.004
-33.00000,-37.00000,0.004
-32.00000,-37.00000,0.003
-31.00000,-37.00000,0.002
-80.00000,-36.00000,0.001
-79.00000,-36.00000,0.001
-78.00000,-36.00000,0.001
-77.00000,-36.00000,0.001
-76.00000,-36.00000,0.001
-75.00000,-36.00000,0.002
-74.00000,-36.00000,0.002
-73.00000,-36.00000,0.002
-72.00000,-36.00000,0.003
-71.00000,-36.00000,0.003
-70.00000,-36.00000,0.004
-69.00000,-36.00000,0.005
-68.00000,-36.00000,0.006
-67.00000,-36.00000,0.007
-66.00000,-36.00000,0.008
-65.00000,-36.00000,0.009
-64.00000,-36.00000,0.010
-63.00000,-36.00000,0.011
-62.00000,-36.00000,0.012
-61.00000,-36.00000,0.014
-60.00000,-36.00000,0.015
-59.00000,-36.00000,0.017
-58.00000,-36.00000,0.019
-57.00000,-36.00000,0.019
-56.00000,-36.00000,0.020
-55.00000,-36.00000,0.021
-54.00000,-36.00000,0.022
-53.00000,-36.00000,0.023
-52.00000,-36.00000,0.023
-51.00000,-36.00000,0.024
-50.00000,-36.00000,0.025
-49.00000,-36.00000,0.026
-48.00000,-36.00000,0.028
-47.00000,-36.00000,0.030
-46.00000,-36.00000,0.030
-45.00000,-36.00000,0.027
-44.00000,-36.00000,0.024
-43.00000,-36.00000,0.021
-42.00000,-36.00000,0.019
-41.00000,-36.00000,0.016
-40.00000,-36.00000,0.015
-39.00000,-36.00000,0.012
-38.00000,-36.00000,0.011
-37.00000,-36.00000,0.010
-36.00000,-36.00000,0.009
-35.00000,-36.00000,0.007
-34.00000,-36.00000,0.006
-33.00000,-36.00000,0.005
-32.00000,-36.00000,0.004
-31.00000,-36.00000,0.003
-80.00000,-35.00000,0.001
-79.00000,-35.00000,0.001
-78.00000,-35.00000,0.001
-77.00000,-35.00000,0.001
-76.00000,-35.00000,0.002
-75.00000,-35.00000,0.002
-74.00000,-35.00000,0.002
-73.00000,-35.00000,0.003
-72.00000,-35.00000,0.004
-71.00000,-35.00000,0.005
-70.00000,-35.00000,0.006
-69.00000,-35.00000,0.006
-68.00000,-35.00000,0.008
-67.00000,-35.00000,0.009
-66.00000,-35.00000,0.010
-65.00000,-35.00000,0.012
-64.00000,-35.00000,0.013
-63.00000,-35.00000,0.015
-62.00000,-35.00000,0.016
-61.00000,-35.00000,0.017
-60.00000,-35.00000,0.018
-59.00000,-35.00000,0.021
-58.00000,-35.00000,0.026
-57.00000,-35.00000,0.027
-56.00000,-35.00000,0.029
-55.00000,-35.00000,0.031
-54.00000,-35.00000,0.032
-53.00000,-35.00000,0.033
-52.00000,-35.00000,0.034
-51.00000,-35.00000,0.035
-50.00000,-35.00000,0.036
-49.00000,-35.00000,0.037
-48.00000,-35.00000,0.037
-47.00000,-35.00000,0.037
-46.00000,-35.00000,0.035
-45.00000,-35.00000,0.032
-44.00000,-35.00000,0.030
-43.00000,-35.00000,0.027
-42.00000,-35.00000,0.024
-41.00000,-35.00000,0.021
-40.00000,-35.00000,0.018
-39.00000,-35.00000,0.017
-38.00000,-35.00000,0.016
-37.00000,-35.00000,0.014
-36.00000,-35.00000,0.012
-35.00000,-35.00000,0.010
-34.00000,-35.00000,0.009
-33.00000,-35.00000,0.007
-32.00000,-35.00000,0.006
-31.00000,-35.00000,0.004
-80.00000,-34.00000,0.001
-79.00000,-34.00000,0.001
-78.00000,-34.00000,0.001
-77.00000,-34.00000,0.002
-76.00000,-34.00000,0.002
-75.00000,-34.00000,0.002
-74.00000,-34.00000,0.003
-73.00000,-34.00000,0.004
-72.00000,-34.00000,0.004
-71.00000,-34.00000,0.005
-70.00000,-34.00000,0.007
-69.00000,-34.00000,0.008
-68.00000,-34.00000,0.009
-67.00000,-34.00000,0.011
-66.00000,-34.00000,0.013
-65.00000,-34.00000,0.015
-64.00000,-34.00000,0.017
-63.00000,-34.00000,0.020
-62.00000,-34.00000,0.021
-61.00000,-34.00000,0.022
-60.00000,-34.00000,0.023
-59.00000,-34.00000,0.027
-58.00000,-34.00000,0.032
-57.00000,-34.00000,0.036
-56.00000,-34.00000,0.034
-55.00000,-34.00000,0.038
-54.00000,-34.00000,0.042
-53.00000,-34.00000,0.044
-52.00000,-34.00000,0.045
-51.00000,-34.00000,0.045
-50.00000,-34.00000,0.045
-49.00000,-34.00000,0.045
-48.00000,-34.00000,0.044
-47.00000,-34.00000,0.042
-46.00000,-34.00000,0.040
-45.00000,-34.00000,0.038
-44.00000,-34.00000,0.035
-43.00000,-34.00000,0.031
-42.00000,-34.00000,0.028
-41.00000,-34.00000,0.026
-40.00000,-34.00000,0.025
-39.00000,-34.00000,0.023
-38.00000,-34.00000,0.020
-37.00000,-34.00000,0.019
-36.00000,-34.00000,0.016
-35.00000,-34.00000,0.014
-34.00000,-34.00000,0.011
-33.00000,-34.00000,0.009
-32.00000,-34.00000,0.007
-31.00000,-34.00000,0.006
-80.00000,-33.00000,0.001
-79.00000,-33.00000,0.002
-78.00000,-33.00000,0.002
-77.00000,-33.00000,0.002
-76.00000,-33.00000,0.002
-75.00000,-33.00000,0.003
-74.00000,-33.00000,0.004
-73.00000,-33.00000,0.004
-72.00000,-33.00000,0.005
-71.00000,-33.00000,0.006
-70.00000,-33.00000,0.007
-69.00000,-33.00000,0.009
-68.00000,-33.00000,0.011
-67.00000,-33.00000,0.013
-66.00000,-33.00000,0.015
-65.00000,-33.00000,0.018
-64.00000,-33.00000,0.021
-63.00000,-33.00000,0.024
-62.00000,-33.00000,0.027
-61.00000,-33.00000,0.028
-60.00000,-33.00000,0.030
-59.00000,-33.00000,0.033
-58.00000,-33.00000,0.036
-57.00000,-33.00000,0.039
-56.00000,-33.00000,0.041
-55.00000,-33.00000,0.042
-54.00000,-33.00000,0.045
-53.00000,-33.00000,0.048
-52.00000,-33.00000,0.051
-51.00000,-33.00000,0.054
-50.00000,-33.00000,0.057
-49.00000,-33.00000,0.056
-48.00000,-33.00000,0.054
-47.00000,-33.00000,0.051
-46.00000,-33.00000,0.048
-45.00000,-33.00000,0.045
-44.00000,-33.00000,0.046
-43.00000,-33.00000,0.042
-42.00000,-33.00000,0.037
-41.00000,-33.00000,0.035
-40.00000,-33.00000,0.033
-39.00000,-33.00000,0.030
-38.00000,-33.00000,0.027
-37.00000,-33.00000,0.023
-36.00000,-33.00000,0.021
-35.00000,-33.00000,0.018
-34.00000,-33.00000,0.015
-33.00000,-33.00000,0.012
-32.00000,-33.00000,0.009
-31.00000,-33.00000,0.007
-80.00000,-32.00000,0.002
-79.00000,-32.00000,0.002
-78.00000,-32.00000,0.002
-77.00000,-32.00000,0.003
-76.00000,-32.00000,0.003
-75.00000,-32.00000,0.003
-74.00000,-32.00000,0.004
-73.00000,-32.00000,0.005
-72.00000,-32.00000,0.006
-71.00000,-32.00000,0.007
-70.00000,-32.00000,0.008
-69.00000,-32.00000,0.010
-68.00000,-32.00000,0.013
-67.00000,-32.00000,0.015
-66.00000,-32.00000,0.016
-65.00000,-32.00000,0.019
-64.00000,-32.00000,0.021
-63.00000,-32.00000,0.025
-62.00000,-32.00000,0.029
-61.00000,-32.00000,0.033
-60.00000,-32.00000,0.036
-59.00000,-32.00000,0.040
-58.00000,-32.00000,0.041
-57.00000,-32.00000,0.044
-56.00000,-32.00000,0.049
-55.00000,-32.00000,0.054
-54.00000,-32.00000,0.050
-53.00000,-32.00000,0.055
-52.00000,-32.00000,0.060
-51.00000,-32.00000,0.065
-50.00000,-32.00000,0.065
-49.00000,-32.00000,0.064
-48.00000,-32.00000,0.062
-47.00000,-32.00000,0.060
-46.00000,-32.00000,0.056
-45.00000,-32.00000,0.052
-44.00000,-32.00000,0.050
-43.00000,-32.00000,0.051
-42.00000,-32.00000,0.049
-41.00000,-32.00000,0.045
-40.00000,-32.00000,0.042
-39.00000,-32.00000,0.039
-38.00000,-32.00000,0.035
-37.00000,-32.00000,0.029
-36.00000,-32.00000,0.026
-35.00000,-32.00000,0.023
-34.00000,-32.00000,0.019
-33.00000,-32.00000,0.014
-32.00000,-32.00000,0.011
-31.00000,-32.00000,0.008
-80.00000,-31.00000,0.002
-79.00000,-31.00000,0.002
-78.00000,-31.00000,0.003
-77.00000,-31.00000,0.003
-76.00000,-31.00000,0.003
-75.00000,-31.00000,0.004
-74.00000,-31.00000,0.004
-73.00000,-31.00000,0.005
-72.00000,-31.00000,0.006
-71.00000,-31.00000,0.008
-70.00000,-31.00000,0.010
-69.00000,-31.00000,0.013
-68.00000,-31.00000,0.015
-67.00000,-31.00000,0.017
-66.00000,-31.00000,0.020
-65.00000,-31.00000,0.023
-64.00000,-31.00000,0.026
-63.00000,-31.00000,0.029
-62.00000,-31.00000,0.033
-61.00000,-31.00000,0.037
-60.00000,-31.00000,0.041
-59.00000,-31.00000,0.045
-58.00000,-31.00000,0.051
-57.00000,-31.00000,0.053
-56.00000,-31.00000,0.057
-55.00000,-31.00000,0.061
-54.00000,-31.00000,0.062
-53.00000,-31.00000,0.058
-52.00000,-31.00000,0.064
-51.00000,-31.00000,0.071
-50.00000,-31.00000,0.073
-49.00000,-31.00000,0.073
-48.00000,-31.00000,0.072
-47.00000,-31.00000,0.069
-46.00000,-31.00000,0.066
-45.00000,-31.00000,0.062
-44.00000,-31.00000,0.060
-43.00000,-31.00000,0.060
-42.00000,-31.00000,0.059
-41.00000,-31.00000,0.055
-40.00000,-31.00000,0.053
-39.00000,-31.00000,0.049
-38.00000,-31.00000,0.044
-37.00000,-31.00000,0.035
-36.00000,-31.00000,0.032
-35.00000,-31.00000,0.028
-34.00000,-31.00000,0.023
-33.00000,-31.00000,0.017
-32.00000,-31.00000,0.013
-31.00000,-31.00000,0.010
-80.00000,-30.00000,0.003
-79.00000,-30.00000,0.003
-78.00000,-30.00000,0.003
-77.00000,-30.00000,0.003
-76.00000,-30.00000,0.003
-75.00000,-30.00000,0.004
-74.00000,-30.00000,0.005
-73.00000,-30.00000,0.006
-72.00000,-30.00000,0.007
-71.00000,-30.00000,0.009
-70.00000,-30.00000,0.012
-69.00000,-30.00000,0.016
-68.00000,-30.00000,0.018
-67.00000,-30.00000,0.020
-66.00000,-30.00000,0.023
-65.00000,-30.00000,0.027
-64.00000,-30.00000,0.030
-63.00000,-30.00000,0.035
-62.00000,-30.00000,0.039
-61.00000,-30.00000,0.044
-60.00000,-30.00000,0.050
-59.00000,-30.00000,0.054
-58.00000,-30.00000,0.062
-57.00000,-30.00000,0.066
-56.00000,-30.00000,0.064
-55.00000,-30.00000,0.065
-54.00000,-30.00000,0.070
-53.00000,-30.00000,0.067
-52.00000,-30.00000,0.068
-51.00000,-30.00000,0.075
-50.00000,-30.00000,0.082
-49.00000,-30.00000,0.083
-48.00000,-30.00000,0.082
-47.00000,-30.00000,0.081
-46.00000,-30.00000,0.078
-45.00000,-30.00000,0.073
-44.00000,-30.00000,0.074
-43.00000,-30.00000,0.073
-42.00000,-30.00000,0.069
-41.00000,-30.00000,0.066
-40.00000,-30.00000,0.057
-39.00000,-30.00000,0.055
-38.00000,-30.00000,0.052
-37.00000,-30.00000,0.044
-36.00000,-30.00000,0.039
-35.00000,-30.00000,0.034
-34.00000,-30.00000,0.027
-33.00000,-30.00000,0.021
-32.00000,-30.00000,0.016
-31.00000,-30.00000,0.012
-80.00000,-29.00000,0.003
-79.00000,-29.00000,0.003
-78.00000,-29.00000,0.003
-77.00000,-29.00000,0.004
-76.00000,-29.00000,0.004
-75.00000,-29.00000,0.005
-74.00000,-29.00000,0.006
-73.00000,-29.00000,0.007
-72.00000,-29.00000,0.008
-71.00000,-29.00000,0.011
-70.00000,-29.00000,0.014
-69.00000,-29.00000,0.018
-68.00000,-29.00000,0.021
-67.00000,-29.00000,0.024
-66.00000,-29.00000,0.027
-65.00000,-29.00000,0.031
-64.00000,-29.00000,0.035
-63.00000,-29.00000,0.040
-62.00000,-29.00000,0.046
-61.00000,-29.00000,0.052
-60.00000,-29.00000,0.059
-59.00000,-29.00000,0.062
-58.00000,-29.00000,0.074
-57.00000,-29.00000,0.080
-56.00000,-29.00000,0.078
-55.00000,-29.00000,0.075
-54.00000,-29.00000,0.074
-53.00000,-29.00000,0.080
-52.00000,-29.00000,0.072
-51.00000,-29.00000,0.079
-50.00000,-29.00000,0.087
-49.00000,-29.00000,0.094
-48.00000,-29.00000,0.095
-47.00000,-29.00000,0.094
-46.00000,-29.00000,0.090
-45.00000,-29.00000,0.087
-44.00000,-29.00000,0.084
-43.00000,-29.00000,0.083
-42.00000,-29.00000,0.080
-41.00000,-29.00000,0.074
-40.00000,-29.00000,0.067
-39.00000,-29.00000,0.064
-38.00000,-29.00000,0.060
-37.00000,-29.00000,0.052
-36.00000,-29.00000,0.048
-35.00000,-29.00000,0.040
-34.00000,-29.00000,0.032
-33.00000,-29.00000,0.025
-32.00000,-29.00000,0.019
-31.00000,-29.00000,0.014
-80.00000,-28.00000,0.003
-79.00000,-28.00000,0.003
-78.00000,-28.00000,0.004
-77.00000,-28.00000,0.004
-76.00000,-28.00000,0.004
-75.00000,-28.00000,0.005
-74.00000,-28.00000,0.006
-73.00000,-28.00000,0.008
-72.00000,-28.00000,0.010
-71.00000,-28.00000,0.012
-70.00000,-28.00000,0.016
-69.00000,-28.00000,0.021
-68.00000,-28.00000,0.023
-67.00000,-28.00000,0.027
-66.00000,-28.00000,0.031
-65.00000,-28.00000,0.035
-64.00000,-28.00000,0.040
-63.00000,-28.00000,0.047
-62.00000,-28.00000,0.052
-61.00000,-28.00000,0.059
-60.00000,-28.00000,0.068
-59.00000,-28.00000,0.071
-58.00000,-28.00000,0.082
-57.00000,-28.00000,0.094
-56.00000,-28.00000,0.092
-55.00000,-28.00000,0.088
-54.00000,-28.00000,0.084
-53.00000,-28.00000,0.086
-52.00000,-28.00000,0.082
-51.00000,-28.00000,0.083
-50.00000,-28.00000,0.091
-49.00000,-28.00000,0.099
-48.00000,-28.00000,0.105
-47.00000,-28.00000,0.102
-46.00000,-28.00000,0.102
-45.00000,-28.00000,0.102
-44.00000,-28.00000,0.105
-43.00000,-28.00000,0.106
-42.00000,-28.00000,0.103
-41.00000,-28.00000,0.096
-40.00000,-28.00000,0.086
-39.00000,-28.00000,0.075
-38.00000,-28.00000,0.065
-37.00000,-28.00000,0.056
-36.00000,-28.00000,0.051
-35.00000,-28.00000,0.046
-34.00000,-28.00000,0.037
-33.00000,-28.00000,0.029
-32.00000,-28.00000,0.021
-31.00000,-28.00000,0.016
-80.00000,-27.00000,0.004
-79.00000,-27.00000,0.004
-78.00000,-27.00000,0.004
-77.00000,-27.00000,0.004
-76.00000,-27.00000,0.005
-75.00000,-27.00000,0.006
-74.00000,-27.00000,0.008
-73.00000,-27.00000,0.009
-72.00000,-27.00000,0.011
-71.00000,-27.00000,0.014
-70.00000,-27.00000,0.018
-69.00000,-27.00000,0.023
-68.00000,-27.00000,0.026
-67.00000,-27.00000,0.030
-66.00000,-27.00000,0.034
-65.00000,-27.00000,0.039
-64.00000,-27.00000,0.046
-63.00000,-27.00000,0.053
-62.00000,-27.00000,0.059
-61.00000,-27.00000,0.067
-60.00000,-27.00000,0.076
-59.00000,-27.00000,0.078
-58.00000,-27.00000,0.089
-57.00000,-27.00000,0.106
-56.00000,-27.00000,0.104
-55.00000,-27.00000,0.100
-54.00000,-27.00000,0.096
-53.00000,-27.00000,0.092
-52.00000,-27.00000,0.095
-51.00000,-27.00000,0.092
-50.00000,-27.00000,0.095
-49.00000,-27.00000,0.103
-48.00000,-27.00000,0.112
-47.00000,-27.00000,0.118
-46.00000,-27.00000,0.124
-45.00000,-27.00000,0.127
-44.00000,-27.00000,0.129
-43.00000,-27.00000,0.124
-42.00000,-27.00000,0.118
-41.00000,-27.00000,0.113
-40.00000,-27.00000,0.105
-39.00000,-27.00000,0.092
-38.00000,-27.00000,0.077
-37.00000,-27.00000,0.062
-36.00000,-27.00000,0.053
-35.00000,-27.00000,0.048
-34.00000,-27.00000,0.042
-33.00000,-27.00000,0.033
-32.00000,-27.00000,0.025
-31.00000,-27.00000,0.018
-80.00000,-26.00000,0.004
-79.00000,-26.00000,0.004
-78.00000,-26.00000,0.004
-77.00000,-26.00000,0.005
-76.00000,-26.00000,0.005
-75.00000,-26.00000,0.007
-74.00000,-26.00000,0.009
-73.00000,-26.00000,0.010
-72.00000,-26.00000,0.012
-71.00000,-26.00000,0.015
-70.00000,-26.00000,0.019
-69.00000,-26.00000,0.024
-68.00000,-26.00000,0.029
-67.00000,-26.00000,0.033
-66.00000,-26.00000,0.037
-65.00000,-26.00000,0.042
-64.00000,-26.00000,0.050
-63.00000,-26.00000,0.058
-62.00000,-26.00000,0.065
-61.00000,-26.00000,0.073
-60.00000,-26.00000,0.083
-59.00000,-26.00000,0.084
-58.00000,-26.00000,0.094
-57.00000,-26.00000,0.113
-56.00000,-26.00000,0.114
-55.00000,-26.00000,0.110
-54.00000,-26.00000,0.106
-53.00000,-26.00000,0.103
-52.00000,-26.00000,0.106
-51.00000,-26.00000,0.104
-50.00000,-26.00000,0.110
-49.00000,-26.00000,0.119
-48.00000,-26.00000,0.124
-47.00000,-26.00000,0.136
-46.00000,-26.00000,0.140
-45.00000,-26.00000,0.136
-44.00000,-26.00000,0.141
-43.00000,-26.00000,0.140
-42.00000,-26.00000,0.139
-41.00000,-26.00000,0.127
-40.00000,-26.00000,0.116
-39.00000,-26.00000,0.106
-38.00000,-26.00000,0.085
-37.00000,-26.00000,0.072
-36.00000,-26.00000,0.055
-35.00000,-26.00000,0.050
-34.00000,-26.00000,0.044
-33.00000,-26.00000,0.036
-32.00000,-26.00000,0.028
-31.00000,-26.00000,0.020
-80.00000,-25.00000,0.004
-79.00000,-25.00000,0.005
-78.00000,-25.00000,0.005
-77.00000,-25.00000,0.005
-76.00000,-25.00000,0.005
-75.00000,-25.00000,0.007
-74.00000,-25.00000,0.009
-73.00000,-25.00000,0.011
-72.00000,-25.00000,0.013
-71.00000,-25.00000,0.016
-70.00000,-25.00000,0.020
-69.00000,-25.00000,0.025
-68.00000,-25.00000,0.031
-67.00000,-25.00000,0.035
-66.00000,-25.00000,0.040
-65.00000,-25.00000,0.045
-64.00000,-25.00000,0.053
-63.00000,-25.00000,0.061
-62.00000,-25.00000,0.070
-61.00000,-25.00000,0.078
-60.00000,-25.00000,0.087
-59.00000,-25.00000,0.089
-58.00000,-25.00000,0.097
-57.00000,-25.00000,0.117
-56.00000,-25.00000,0.121
-55.00000,-25.00000,0.117
-54.00000,-25.00000,0.113
-53.00000,-25.00000,0.111
-52.00000,-25.00000,0.111
-51.00000,-25.00000,0.117
-50.00000,-25.00000,0.124
-49.00000,-25.00000,0.136
-48.00000,-25.00000,0.140
-47.00000,-25.00000,0.157
-46.00000,-25.00000,0.156
-45.00000,-25.00000,0.162
-44.00000,-25.00000,0.161
-43.00000,-25.00000,0.154
-42.00000,-25.00000,0.147
-41.00000,-25.00000,0.138
-40.00000,-25.00000,0.128
-39.00000,-25.00000,0.111
-38.00000,-25.00000,0.088
-37.00000,-25.00000,0.078
-36.00000,-25.00000,0.061
-35.00000,-25.00000,0.052
-34.00000,-25.00000,0.046
-33.00000,-25.00000,0.038
-32.00000,-25.00000,0.030
-31.00000,-25.00000,0.022
-80.00000,-24.00000,0.005
-79.00000,-24.00000,0.005
-78.00000,-24.00000,0.005
-77.00000,-24.00000,0.005
-76.00000,-24.00000,0.006
-75.00000,-24.00000,0.007
-74.00000,-24.00000,0.010
-73.00000,-24.00000,0.013
-72.00000,-24.00000,0.014
-71.00000,-24.00000,0.016
-70.00000,-24.00000,0.020
-69.00000,-24.00000,0.026
-68.00000,-24.00000,0.032
-67.00000,-24.00000,0.038
-66.00000,-24.00000,0.042
-65.00000,-24.00000,0.048
-64.00000,-24.00000,0.055
-63.00000,-24.00000,0.064
-62.00000,-24.00000,0.072
-61.00000,-24.00000,0.082
-60.00000,-24.00000,0.089
-59.00000,-24.00000,0.091
-58.00000,-24.00000,0.098
-57.00000,-24.00000,0.119
-56.00000,-24.00000,0.123
-55.00000,-24.00000,0.119
-54.00000,-24.00000,0.116
-53.00000,-24.00000,0.115
-52.00000,-24.00000,0.118
-51.00000,-24.00000,0.128
-50.00000,-24.00000,0.137
-49.00000,-24.00000,0.151
-48.00000,-24.00000,0.158
-47.00000,-24.00000,0.170
-46.00000,-24.00000,0.176
-45.00000,-24.00000,0.185
-44.00000,-24.00000,0.178
-43.00000,-24.00000,0.171
-42.00000,-24.00000,0.163
-41.00000,-24.00000,0.147
-40.00000,-24.00000,0.137
-39.00000,-24.00000,0.113
-38.00000,-24.00000,0.092
-37.00000,-24.00000,0.084
-36.00000,-24.00000,0.064
-35.00000,-24.00000,0.053
-34.00000,-24.00000,0.047
-33.00000,-24.00000,0.039
-32.00000,-24.00000,0.030
-31.00000,-24.00000,0.023
-80.00000,-23.00000,0.005
-79.00000,-23.00000,0.005
-78.00000,-23.00000,0.006
-77.00000,-23.00000,0.006
-76.00000,-23.00000,0.007
-75.00000,-23.00000,0.008
-74.00000,-23.00000,0.010
-73.00000,-23.00000,0.013
-72.00000,-23.00000,0.016
-71.00000,-23.00000,0.017
-70.00000,-23.00000,0.020
-69.00000,-23.00000,0.025
-68.00000,-23.00000,0.032
-67.00000,-23.00000,0.040
-66.00000,-23.00000,0.045
-65.00000,-23.00000,0.050
-64.00000,-23.00000,0.057
-63.00000,-23.00000,0.065
-62.00000,-23.00000,0.074
-61.00000,-23.00000,0.085
-60.00000,-23.00000,0.089
-59.00000,-23.00000,0.092
-58.00000,-23.00000,0.098
-57.00000,-23.00000,0.120
-56.00000,-23.00000,0.121
-55.00000,-23.00000,0.118
-54.00000,-23.00000,0.116
-53.00000,-23.00000,0.117
-52.00000,-23.00000,0.122
-51.00000,-23.00000,0.153
-50.00000,-23.00000,0.147
-49.00000,-23.00000,0.163
-48.00000,-23.00000,0.169
-47.00000,-23.00000,0.183
-46.00000,-23.00000,0.200
-45.00000,-23.00000,0.203
-44.00000,-23.00000,0.197
-43.00000,-23.00000,0.189
-42.00000,-23.00000,0.179
-41.00000,-23.00000,0.152
-40.00000,-23.00000,0.138
-39.00000,-23.00000,0.119
-38.00000,-23.00000,0.100
-37.00000,-23.00000,0.084
-36.00000,-23.00000,0.064
-35.00000,-23.00000,0.054
-34.00000,-23.00000,0.048
-33.00000,-23.00000,0.039
-32.00000,-23.00000,0.030
-31.00000,-23.00000,0.023
-80.00000,-22.00000,0.006
-79.00000,-22.00000,0.006
-78.00000,-22.00000,0.006
-77.00000,-22.00000,0.007
-76.00000,-22.00000,0.008
-75.00000,-22.00000,0.009
-74.00000,-22.00000,0.011
-73.00000,-22.00000,0.014
-72.00000,-22.00000,0.017
-71.00000,-22.00000,0.019
-70.00000,-22.00000,0.020
-69.00000,-22.00000,0.025
-68.00000,-22.00000,0.031
-67.00000,-22.00000,0.038
-66.00000,-22.00000,0.047
-65.00000,-22.00000,0.052
-64.00000,-22.00000,0.059
-63.00000,-22.00000,0.067
-62.00000,-22.00000,0.076
-61.00000,-22.00000,0.085
-60.00000,-22.00000,0.088
-59.00000,-22.00000,0.090
-58.00000,-22.00000,0.097
-57.00000,-22.00000,0.116
-56.00000,-22.00000,0.115
-55.00000,-22.00000,0.113
-54.00000,-22.00000,0.113
-53.00000,-22.00000,0.115
-52.00000,-22.00000,0.122
-51.00000,-22.00000,0.135
-50.00000,-22.00000,0.154
-49.00000,-22.00000,0.176
-48.00000,-22.00000,0.187
-47.00000,-22.00000,0.202
-46.00000,-22.00000,0.216
-45.00000,-22.00000,0.223
-44.00000,-22.00000,0.215
-43.00000,-22.00000,0.207
-42.00000,-22.00000,0.185
-41.00000,-22.00000,0.152
-40.00000,-22.00000,0.139
-39.00000,-22.00000,0.119
-38.00000,-22.00000,0.103
-37.00000,-22.00000,0.081
-36.00000,-22.00000,0.062
-35.00000,-22.00000,0.055
-34.00000,-22.00000,0.048
-33.00000,-22.00000,0.038
-32.00000,-22.00000,0.029
-31.00000,-22.00000,0.022
-80.00000,-21.00000,0.006
-79.00000,-21.00000,0.007
-78.00000,-21.00000,0.007
-77.00000,-21.00000,0.008
-76.00000,-21.00000,0.009
-75.00000,-21.00000,0.010
-74.00000,-21.00000,0.011
-73.00000,-21.00000,0.014
-72.00000,-21.00000,0.018
-71.00000,-21.00000,0.020
-70.00000,-21.00000,0.022
-69.00000,-21.00000,0.024
-68.00000,-21.00000,0.030
-67.00000,-21.00000,0.037
-66.00000,-21.00000,0.044
-65.00000,-21.00000,0.053
-64.00000,-21.00000,0.060
-63.00000,-21.00000,0.068
-62.00000,-21.00000,0.077
-61.00000,-21.00000,0.082
-60.00000,-21.00000,0.086
-59.00000,-21.00000,0.088
-58.00000,-21.00000,0.094
-57.00000,-21.00000,0.107
-56.00000,-21.00000,0.107
-55.00000,-21.00000,0.106
-54.00000,-21.00000,0.106
-53.00000,-21.00000,0.110
-52.00000,-21.00000,0.119
-51.00000,-21.00000,0.134
-50.00000,-21.00000,0.155
-49.00000,-21.00000,0.187
-48.00000,-21.00000,0.205
-47.00000,-21.00000,0.217
-46.00000,-21.00000,0.228
-45.00000,-21.00000,0.222
-44.00000,-21.00000,0.214
-43.00000,-21.00000,0.198
-42.00000,-21.00000,0.173
-41.00000,-21.00000,0.146
-40.00000,-21.00000,0.136
-39.00000,-21.00000,0.116
-38.00000,-21.00000,0.094
-37.00000,-21.00000,0.073
-36.00000,-21.00000,0.063
-35.00000,-21.00000,0.056
-34.00000,-21.00000,0.046
-33.00000,-21.00000,0.036
-32.00000,-21.00000,0.027
-31.00000,-21.00000,0.021
-80.00000,-20.00000,0.007
-79.00000,-20.00000,0.008
-78.00000,-20.00000,0.008
-77.00000,-20.00000,0.009
-76.00000,-20.00000,0.010
-75.00000,-20.00000,0.011
-74.00000,-20.00000,0.013
-73.00000,-20.00000,0.015
-72.00000,-20.00000,0.018
-71.00000,-20.00000,0.022
-70.00000,-20.00000,0.024
-69.00000,-20.00000,0.025
-68.00000,-20.00000,0.028
-67.00000,-20.00000,0.035
-66.00000,-20.00000,0.041
-65.00000,-20.00000,0.049
-64.00000,-20.00000,0.057
-63.00000,-20.00000,0.066
-62.00000,-20.00000,0.074
-61.00000,-20.00000,0.079
-60.00000,-20.00000,0.083
-59.00000,-20.00000,0.085
-58.00000,-20.00000,0.090
-57.00000,-20.00000,0.097
-56.00000,-20.00000,0.097
-55.00000,-20.00000,0.097
-54.00000,-20.00000,0.098
-53.00000,-20.00000,0.103
-52.00000,-20.00000,0.112
-51.00000,-20.00000,0.128
-50.00000,-20.00000,0.150
-49.00000,-20.00000,0.181
-48.00000,-20.00000,0.204
-47.00000,-20.00000,0.217
-46.00000,-20.00000,0.220
-45.00000,-20.00000,0.211
-44.00000,-20.00000,0.199
-43.00000,-20.00000,0.181
-42.00000,-20.00000,0.162
-41.00000,-20.00000,0.142
-40.00000,-20.00000,0.129
-39.00000,-20.00000,0.109
-38.00000,-20.00000,0.082
-37.00000,-20.00000,0.071
-36.00000,-20.00000,0.064
-35.00000,-20.00000,0.054
-34.00000,-20.00000,0.043
-33.00000,-20.00000,0.033
-32.00000,-20.00000,0.025
-31.00000,-20.00000,0.019
-80.00000,-19.00000,0.008
-79.00000,-19.00000,0.009
-78.00000,-19.00000,0.010
-77.00000,-19.00000,0.011
-76.00000,-19.00000,0.012
-75.00000,-19.00000,0.013
-74.00000,-19.00000,0.014
-73.00000,-19.00000,0.016
-72.00000,-19.00000,0.019
-71.00000,-19.00000,0.023
-70.00000,-19.00000,0.025
-69.00000,-19.00000,0.027
-68.00000,-19.00000,0.028
-67.00000,-19.00000,0.034
-66.00000,-19.00000,0.040
-65.00000,-19.00000,0.046
-64.00000,-19.00000,0.052
-63.00000,-19.00000,0.059
-62.00000,-19.00000,0.066
-61.00000,-19.00000,0.073
-60.00000,-19.00000,0.078
-59.00000,-19.00000,0.081
-58.00000,-19.00000,0.085
-57.00000,-19.00000,0.087
-56.00000,-19.00000,0.087
-55.00000,-19.00000,0.088
-54.00000,-19.00000,0.089
-53.00000,-19.00000,0.094
-52.00000,-19.00000,0.106
-51.00000,-19.00000,0.129
-50.00000,-19.00000,0.154
-49.00000,-19.00000,0.180
-48.00000,-19.00000,0.205
-47.00000,-19.00000,0.202
-46.00000,-19.00000,0.199
-45.00000,-19.00000,0.202
-44.00000,-19.00000,0.195
-43.00000,-19.00000,0.182
-42.00000,-19.00000,0.161
-41.00000,-19.00000,0.140
-40.00000,-19.00000,0.122
-39.00000,-19.00000,0.102
-38.00000,-19.00000,0.082
-37.00000,-19.00000,0.071
-36.00000,-19.00000,0.061
-35.00000,-19.00000,0.049
-34.00000,-19.00000,0.039
-33.00000,-19.00000,0.030
-32.00000,-19.00000,0.023
-31.00000,-19.00000,0.017
-80.00000,-18.00000,0.009
-79.00000,-18.00000,0.010
-78.00000,-18.00000,0.012
-77.00000,-18.00000,0.013
-76.00000,-18.00000,0.014
-75.00000,-18.00000,0.015
-74.00000,-18.00000,0.017
-73.00000,-18.00000,0.018
-72.00000,-18.00000,0.020
-71.00000,-18.00000,0.024
-70.00000,-18.00000,0.027
-69.00000,-18.00000,0.029
-68.00000,-18.00000,0.030
-67.00000,-18.00000,0.034
-66.00000,-18.00000,0.039
-65.00000,-18.00000,0.045
-64.00000,-18.00000,0.052
-63.00000,-18.00000,0.058
-62.00000,-18.00000,0.064
-61.00000,-18.00000,0.069
-60.00000,-18.00000,0.074
-59.00000,-18.00000,0.077
-58.00000,-18.00000,0.079
-57.00000,-18.00000,0.080
-56.00000,-18.00000,0.081
-55.00000,-18.00000,0.082
-54.00000,-18.00000,0.085
-53.00000,-18.00000,0.089
-52.00000,-18.00000,0.107
-51.00000,-18.00000,0.129
-50.00000,-18.00000,0.153
-49.00000,-18.00000,0.179
-48.00000,-18.00000,0.196
-47.00000,-18.00000,0.194
-46.00000,-18.00000,0.206
-45.00000,-18.00000,0.190
-44.00000,-18.00000,0.193
-43.00000,-18.00000,0.184
-42.00000,-18.00000,0.163
-41.00000,-18.00000,0.136
-40.00000,-18.00000,0.122
-39.00000,-18.00000,0.097
-38.00000,-18.00000,0.081
-37.00000,-18.00000,0.068
-36.00000,-18.00000,0.055
-35.00000,-18.00000,0.044
-34.00000,-18.00000,0.034
-33.00000,-18.00000,0.026
-32.00000,-18.00000,0.020
-31.00000,-18.00000,0.015
-80.00000,-17.00000,0.011
-79.00000,-17.00000,0.012
-78.00000,-17.00000,0.013
-77.00000,-17.00000,0.015
-76.00000,-17.00000,0.016
-75.00000,-17.00000,0.018
-74.00000,-17.00000,0.019
-73.00000,-17.00000,0.021
-72.00000,-17.00000,0.022
-71.00000,-17.00000,0.025
-70.00000,-17.00000,0.029
-69.00000,-17.00000,0.031
-68.00000,-17.00000,0.032
-67.00000,-17.00000,0.034
-66.00000,-17.00000,0.039
-65.00000,-17.00000,0.045
-64.00000,-17.00000,0.051
-63.00000,-17.00000,0.057
-62.00000,-17.00000,0.062
-61.00000,-17.00000,0.067
-60.00000,-17.00000,0.071
-59.00000,-17.00000,0.075
-58.00000,-17.00000,0.077
-57.00000,-17.00000,0.078
-56.00000,-17.00000,0.079
-55.00000,-17.00000,0.081
-54.00000,-17.00000,0.084
-53.00000,-17.00000,0.089
-52.00000,-17.00000,0.108
-51.00000,-17.00000,0.130
-50.00000,-17.00000,0.151
-49.00000,-17.00000,0.174
-48.00000,-17.00000,0.184
-47.00000,-17.00000,0.196
-46.00000,-17.00000,0.187
-45.00000,-17.00000,0.197
-44.00000,-17.00000,0.192
-43.00000,-17.00000,0.172
-42.00000,-17.00000,0.158
-41.00000,-17.00000,0.131
-40.00000,-17.00000,0.116
-39.00000,-17.00000,0.092
-38.00000,-17.00000,0.079
-37.00000,-17.00000,0.070
-36.00000,-17.00000,0.053
-35.00000,-17.00000,0.039
-34.00000,-17.00000,0.030
-33.00000,-17.00000,0.023
-32.00000,-17.00000,0.017
-31.00000,-17.00000,0.013
-80.00000,-16.00000,0.012
-79.00000,-16.00000,0.014
-78.00000,-16.00000,0.015
-77.00000,-16.00000,0.017
-76.00000,-16.00000,0.019
-75.00000,-16.00000,0.020
-74.00000,-16.00000,0.022
-73.00000,-16.00000,0.024
-72.00000,-16.00000,0.026
-71.00000,-16.00000,0.027
-70.00000,-16.00000,0.030
-69.00000,-16.00000,0.032
-68.00000,-16.00000,0.034
-67.00000,-16.00000,0.036
-66.00000,-16.00000,0.039
-65.00000,-16.00000,0.045
-64.00000,-16.00000,0.050
-63.00000,-16.00000,0.056
-62.00000,-16.00000,0.061
-61.00000,-16.00000,0.066
-60.00000,-16.00000,0.070
-59.00000,-16.00000,0.073
-58.00000,-16.00000,0.074
-57.00000,-16.00000,0.076
-56.00000,-16.00000,0.077
-55.00000,-16.00000,0.079
-54.00000,-16.00000,0.083
-53.00000,-16.00000,0.090
-52.00000,-16.00000,0.113
-51.00000,-16.00000,0.138
-50.00000,-16.00000,0.160
-49.00000,-16.00000,0.167
-48.00000,-16.00000,0.184
-47.00000,-16.00000,0.173
-46.00000,-16.00000,0.184
-45.00000,-16.00000,0.186
-44.00000,-16.00000,0.168
-43.00000,-16.00000,0.163
-42.00000,-16.00000,0.145
-41.00000,-16.00000,0.125
-40.00000,-16.00000,0.111
-39.00000,-16.00000,0.106
-38.00000,-16.00000,0.078
-37.00000,-16.00000,0.070
-36.00000,-16.00000,0.054
-35.00000,-16.00000,0.041
-34.00000,-16.00000,0.030
-33.00000,-16.00000,0.022
-32.00000,-16.00000,0.017
-31.00000,-16.00000,0.013
-80.00000,-15.00000,0.014
-79.00000,-15.00000,0.016
-78.00000,-15.00000,0.018
-77.00000,-15.00000,0.019
-76.00000,-15.00000,0.021
-75.00000,-15.00000,0.023
-74.00000,-15.00000,0.025
-73.00000,-15.00000,0.027
-72.00000,-15.00000,0.029
-71.00000,-15.00000,0.030
-70.00000,-15.00000,0.032
-69.00000,-15.00000,0.035
-68.00000,-15.00000,0.038
-67.00000,-15.00000,0.041
-66.00000,-15.00000,0.043
-65.00000,-15.00000,0.046
-64.00000,-15.00000,0.050
-63.00000,-15.00000,0.055
-62.00000,-15.00000,0.060
-61.00000,-15.00000,0.064
-60.00000,-15.00000,0.068
-59.00000,-15.00000,0.071
-58.00000,-15.00000,0.072
-57.00000,-15.00000,0.074
-56.00000,-15.00000,0.075
-55.00000,-15.00000,0.077
-54.00000,-15.00000,0.081
-53.00000,-15.00000,0.090
-52.00000,-15.00000,0.115
-51.00000,-15.00000,0.142
-50.00000,-15.00000,0.154
-49.00000,-15.00000,0.155
-48.00000,-15.00000,0.162
-47.00000,-15.00000,0.160
-46.00000,-15.00000,0.170
-45.00000,-15.00000,0.156
-44.00000,-15.00000,0.157
-43.00000,-15.00000,0.145
-42.00000,-15.00000,0.125
-41.00000,-15.00000,0.124
-40.00000,-15.00000,0.106
-39.00000,-15.00000,0.103
-38.00000,-15.00000,0.079
-37.00000,-15.00000,0.072
-36.00000,-15.00000,0.057
-35.00000,-15.00000,0.044
-34.00000,-15.00000,0.034
-33.00000,-15.00000,0.025
-32.00000,-15.00000,0.018
-31.00000,-15.00000,0.013
-80.00000,-14.00000,0.015
-79.00000,-14.00000,0.017
-78.00000,-14.00000,0.019
-77.00000,-14.00000,0.020
-76.00000,-14.00000,0.022
-75.00000,-14.00000,0.024
-74.00000,-14.00000,0.026
-73.00000,-14.00000,0.028
-72.00000,-14.00000,0.030
-71.00000,-14.00000,0.033
-70.00000,-14.00000,0.035
-69.00000,-14.00000,0.037
-68.00000,-14.00000,0.042
-67.00000,-14.00000,0.044
-66.00000,-14.00000,0.046
-65.00000,-14.00000,0.051
-64.00000,-14.00000,0.053
-63.00000,-14.00000,0.056
-62.00000,-14.00000,0.059
-61.00000,-14.00000,0.063
-60.00000,-14.00000,0.067
-59.00000,-14.00000,0.070
-58.00000,-14.00000,0.071
-57.00000,-14.00000,0.072
-56.00000,-14.00000,0.073
-55.00000,-14.00000,0.075
-54.00000,-14.00000,0.079
-53.00000,-14.00000,0.086
-52.00000,-14.00000,0.111
-51.00000,-14.00000,0.137
-50.00000,-14.00000,0.144
-49.00000,-14.00000,0.147
-48.00000,-14.00000,0.151
-47.00000,-14.00000,0.145
-46.00000,-14.00000,0.138
-45.00000,-14.00000,0.141
-44.00000,-14.00000,0.131
-43.00000,-14.00000,0.119
-42.00000,-14.00000,0.108
-41.00000,-14.00000,0.108
-40.00000,-14.00000,0.105
-39.00000,-14.00000,0.103
-38.00000,-14.00000,0.083
-37.00000,-14.00000,0.075
-36.00000,-14.00000,0.064
-35.00000,-14.00000,0.052
-34.00000,-14.00000,0.041
-33.00000,-14.00000,0.031
-32.00000,-14.00000,0.022
-31.00000,-14.00000,0.015
-80.00000,-13.00000,0.016
-79.00000,-13.00000,0.017
-78.00000,-13.00000,0.019
-77.00000,-13.00000,0.021
-76.00000,-13.00000,0.023
-75.00000,-13.00000,0.025
-74.00000,-13.00000,0.027
-73.00000,-13.00000,0.029
-72.00000,-13.00000,0.032
-71.00000,-13.00000,0.035
-70.00000,-13.00000,0.036
-69.00000,-13.00000,0.038
-68.00000,-13.00000,0.043
-67.00000,-13.00000,0.047
-66.00000,-13.00000,0.052
-65.00000,-13.00000,0.054
-64.00000,-13.00000,0.055
-63.00000,-13.00000,0.060
-62.00000,-13.00000,0.064
-61.00000,-13.00000,0.066
-60.00000,-13.00000,0.068
-59.00000,-13.00000,0.069
-58.00000,-13.00000,0.070
-57.00000,-13.00000,0.083
-56.00000,-13.00000,0.077
-55.00000,-13.00000,0.073
-54.00000,-13.00000,0.076
-53.00000,-13.00000,0.083
-52.00000,-13.00000,0.099
-51.00000,-13.00000,0.122
-50.00000,-13.00000,0.135
-49.00000,-13.00000,0.136
-48.00000,-13.00000,0.134
-47.00000,-13.00000,0.126
-46.00000,-13.00000,0.123
-45.00000,-13.00000,0.112
-44.00000,-13.00000,0.107
-43.00000,-13.00000,0.103
-42.00000,-13.00000,0.099
-41.00000,-13.00000,0.102
-40.00000,-13.00000,0.100
-39.00000,-13.00000,0.093
-38.00000,-13.00000,0.091
-37.00000,-13.00000,0.084
-36.00000,-13.00000,0.076
-35.00000,-13.00000,0.063
-34.00000,-13.00000,0.051
-33.00000,-13.00000,0.040
-32.00000,-13.00000,0.030
-31.00000,-13.00000,0.020
-80.00000,-12.00000,0.016
-79.00000,-12.00000,0.018
-78.00000,-12.00000,0.020
-77.00000,-12.00000,0.022
-76.00000,-12.00000,0.024
-75.00000,-12.00000,0.026
-74.00000,-12.00000,0.028
-73.00000,-12.00000,0.032
-72.00000,-12.00000,0.035
-71.00000,-12.00000,0.037
-70.00000,-12.00000,0.038
-69.00000,-12.00000,0.039
-68.00000,-12.00000,0.043
-67.00000,-12.00000,0.048
-66.00000,-12.00000,0.052
-65.00000,-12.00000,0.056
-64.00000,-12.00000,0.059
-63.00000,-12.00000,0.062
-62.00000,-12.00000,0.064
-61.00000,-12.00000,0.066
-60.00000,-12.00000,0.075
-59.00000,-12.00000,0.076
-58.00000,-12.00000,0.094
-57.00000,-12.00000,0.102
-56.00000,-12.00000,0.103
-55.00000,-12.00000,0.079
-54.00000,-12.00000,0.077
-53.00000,-12.00000,0.080
-52.00000,-12.00000,0.088
-51.00000,-12.00000,0.101
-50.00000,-12.00000,0.114
-49.00000,-12.00000,0.123
-48.00000,-12.00000,0.118
-47.00000,-12.00000,0.111
-46.00000,-12.00000,0.108
-45.00000,-12.00000,0.104
-44.00000,-12.00000,0.101
-43.00000,-12.00000,0.098
-42.00000,-12.00000,0.096
-41.00000,-12.00000,0.102
-40.00000,-12.00000,0.099
-39.00000,-12.00000,0.097
-38.00000,-12.00000,0.095
-37.00000,-12.00000,0.089
-36.00000,-12.00000,0.080
-35.00000,-12.00000,0.069
-34.00000,-12.00000,0.056
-33.00000,-12.00000,0.042
-32.00000,-12.00000,0.030
-31.00000,-12.00000,0.021
-80.00000,-11.00000,0.016
-79.00000,-11.00000,0.018
-78.00000,-11.00000,0.020
-77.00000,-11.00000,0.022
-76.00000,-11.00000,0.024
-75.00000,-11.00000,0.027
-74.00000,-11.00000,0.030
-73.00000,-11.00000,0.034
-72.00000,-11.00000,0.037
-71.00000,-11.00000,0.038
-70.00000,-11.00000,0.039
-69.00000,-11.00000,0.040
-68.00000,-11.00000,0.044
-67.00000,-11.00000,0.048
-66.00000,-11.00000,0.052
-65.00000,-11.00000,0.056
-64.00000,-11.00000,0.059
-63.00000,-11.00000,0.062
-62.00000,-11.00000,0.064
-61.00000,-11.00000,0.066
-60.00000,-11.00000,0.073
-59.00000,-11.00000,0.079
-58.00000,-11.00000,0.086
-57.00000,-11.00000,0.093
-56.00000,-11.00000,0.100
-55.00000,-11.00000,0.078
-54.00000,-11.00000,0.082
-53.00000,-11.00000,0.083
-52.00000,-11.00000,0.084
-51.00000,-11.00000,0.090
-50.00000,-11.00000,0.094
-49.00000,-11.00000,0.102
-48.00000,-11.00000,0.105
-47.00000,-11.00000,0.101
-46.00000,-11.00000,0.096
-45.00000,-11.00000,0.092
-44.00000,-11.00000,0.092
-43.00000,-11.00000,0.091
-42.00000,-11.00000,0.093
-41.00000,-11.00000,0.092
-40.00000,-11.00000,0.091
-39.00000,-11.00000,0.098
-38.00000,-11.00000,0.106
-37.00000,-11.00000,0.092
-36.00000,-11.00000,0.086
-35.00000,-11.00000,0.076
-34.00000,-11.00000,0.062
-33.00000,-11.00000,0.048
-32.00000,-11.00000,0.040
-31.00000,-11.00000,0.031
-80.00000,-10.00000,0.017
-79.00000,-10.00000,0.019
-78.00000,-10.00000,0.021
-77.00000,-10.00000,0.023
-76.00000,-10.00000,0.025
-75.00000,-10.00000,0.028
-74.00000,-10.00000,0.032
-73.00000,-10.00000,0.036
-72.00000,-10.00000,0.038
-71.00000,-10.00000,0.039
-70.00000,-10.00000,0.040
-69.00000,-10.00000,0.041
-68.00000,-10.00000,0.044
-67.00000,-10.00000,0.048
-66.00000,-10.00000,0.052
-65.00000,-10.00000,0.056
-64.00000,-10.00000,0.059
-63.00000,-10.00000,0.062
-62.00000,-10.00000,0.064
-61.00000,-10.00000,0.065
-60.00000,-10.00000,0.075
-59.00000,-10.00000,0.080
-58.00000,-10.00000,0.080
-57.00000,-10.00000,0.087
-56.00000,-10.00000,0.092
-55.00000,-10.00000,0.077
-54.00000,-10.00000,0.079
-53.00000,-10.00000,0.082
-52.00000,-10.00000,0.087
-51.00000,-10.00000,0.085
-50.00000,-10.00000,0.088
-49.00000,-10.00000,0.091
-48.00000,-10.00000,0.093
-47.00000,-10.00000,0.093
-46.00000,-10.00000,0.090
-45.00000,-10.00000,0.084
-44.00000,-10.00000,0.077
-43.00000,-10.00000,0.077
-42.00000,-10.00000,0.080
-41.00000,-10.00000,0.088
-40.00000,-10.00000,0.094
-39.00000,-10.00000,0.099
-38.00000,-10.00000,0.103
-37.00000,-10.00000,0.108
-36.00000,-10.00000,0.105
-35.00000,-10.00000,0.094
-34.00000,-10.00000,0.077
-33.00000,-10.00000,0.059
-32.00000,-10.00000,0.042
-31.00000,-10.00000,0.031
-80.00000,-9.00000,0.017
-79.00000,-9.00000,0.019
-78.00000,-9.00000,0.021
-77.00000,-9.00000,0.023
-76.00000,-9.00000,0.026
-75.00000,-9.00000,0.030
-74.00000,-9.00000,0.034
-73.00000,-9.00000,0.038
-72.00000,-9.00000,0.039
-71.00000,-9.00000,0.040
-70.00000,-9.00000,0.041
-69.00000,-9.00000,0.042
-68.00000,-9.00000,0.043
-67.00000,-9.00000,0.047
-66.00000,-9.00000,0.052
-65.00000,-9.00000,0.055
-64.00000,-9.00000,0.058
-63.00000,-9.00000,0.061
-62.00000,-9.00000,0.063
-61.00000,-9.00000,0.064
-60.00000,-9.00000,0.071
-59.00000,-9.00000,0.075
-58.00000,-9.00000,0.078
-57.00000,-9.00000,0.082
-56.00000,-9.00000,0.083
-55.00000,-9.00000,0.080
-54.00000,-9.00000,0.081
-53.00000,-9.00000,0.083
-52.00000,-9.00000,0.084
-51.00000,-9.00000,0.084
-50.00000,-9.00000,0.086
-49.00000,-9.00000,0.084
-48.00000,-9.00000,0.085
-47.00000,-9.00000,0.085
-46.00000,-9.00000,0.084
-45.00000,-9.00000,0.077
-44.00000,-9.00000,0.073
-43.00000,-9.00000,0.074
-42.00000,-9.00000,0.085
-41.00000,-9.00000,0.096
-40.00000,-9.00000,0.093
-39.00000,-9.00000,0.099
-38.00000,-9.00000,0.111
-37.00000,-9.00000,0.117
-36.00000,-9.00000,0.116
-35.00000,-9.00000,0.104
-34.00000,-9.00000,0.090
-33.00000,-9.00000,0.071
-32.00000,-9.00000,0.050
-31.00000,-9.00000,0.035
-80.00000,-8.00000,0.017
-79.00000,-8.00000,0.019
-78.00000,-8.00000,0.021
-77.00000,-8.00000,0.024
-76.00000,-8.00000,0.027
-75.00000,-8.00000,0.031
-74.00000,-8.00000,0.036
-73.00000,-8.00000,0.039
-72.00000,-8.00000,0.040
-71.00000,-8.00000,0.041
-70.00000,-8.00000,0.042
-69.00000,-8.00000,0.042
-68.00000,-8.00000,0.043
-67.00000,-8.00000,0.046
-66.00000,-8.00000,0.050
-65.00000,-8.00000,0.054
-64.00000,-8.00000,0.057
-63.00000,-8.00000,0.059
-62.00000,-8.00000,0.061
-61.00000,-8.00000,0.063
-60.00000,-8.00000,0.067
-59.00000,-8.00000,0.069
-58.00000,-8.00000,0.073
-57.00000,-8.00000,0.078
-56.00000,-8.00000,0.084
-55.00000,-8.00000,0.088
-54.00000,-8.00000,0.084
-53.00000,-8.00000,0.084
-52.00000,-8.00000,0.081
-51.00000,-8.00000,0.079
-50.00000,-8.00000,0.078
-49.00000,-8.00000,0.081
-48.00000,-8.00000,0.083
-47.00000,-8.00000,0.079
-46.00000,-8.00000,0.076
-45.00000,-8.00000,0.074
-44.00000,-8.00000,0.072
-43.00000,-8.00000,0.073
-42.00000,-8.00000,0.082
-41.00000,-8.00000,0.091
-40.00000,-8.00000,0.103
-39.00000,-8.00000,0.116
-38.00000,-8.00000,0.127
-37.00000,-8.00000,0.133
-36.00000,-8.00000,0.130
-35.00000,-8.00000,0.118
-34.00000,-8.00000,0.099
-33.00000,-8.00000,0.076
-32.00000,-8.00000,0.060
-31.00000,-8.00000,0.040
-80.00000,-7.00000,0.017
-79.00000,-7.00000,0.019
-78.00000,-7.00000,0.021
-77.00000,-7.00000,0.025
-76.00000,-7.00000,0.028
-75.00000,-7.00000,0.033
-74.00000,-7.00000,0.037
-73.00000,-7.00000,0.039
-72.00000,-7.00000,0.040
-71.00000,-7.00000,0.041
-70.00000,-7.00000,0.042
-69.00000,-7.00000,0.043
-68.00000,-7.00000,0.043
-67.00000,-7.00000,0.046
-66.00000,-7.00000,0.049
-65.00000,-7.00000,0.052
-64.00000,-7.00000,0.055
-63.00000,-7.00000,0.058
-62.00000,-7.00000,0.060
-61.00000,-7.00000,0.063
-60.00000,-7.00000,0.067
-59.00000,-7.00000,0.070
-58.00000,-7.00000,0.074
-57.00000,-7.00000,0.077
-56.00000,-7.00000,0.082
-55.00000,-7.00000,0.086
-54.00000,-7.00000,0.086
-53.00000,-7.00000,0.087
-52.00000,-7.00000,0.085
-51.00000,-7.00000,0.085
-50.00000,-7.00000,0.083
-49.00000,-7.00000,0.079
-48.00000,-7.00000,0.073
-47.00000,-7.00000,0.074
-46.00000,-7.00000,0.071
-45.00000,-7.00000,0.073
-44.00000,-7.00000,0.072
-43.00000,-7.00000,0.064
-42.00000,-7.00000,0.083
-41.00000,-7.00000,0.083
-40.00000,-7.00000,0.107
-39.00000,-7.00000,0.118
-38.00000,-7.00000,0.119
-37.00000,-7.00000,0.118
-36.00000,-7.00000,0.127
-35.00000,-7.00000,0.123
-34.00000,-7.00000,0.107
-33.00000,-7.00000,0.084
-32.00000,-7.00000,0.060
-31.00000,-7.00000,0.040
-80.00000,-6.00000,0.016
-79.00000,-6.00000,0.018
-78.00000,-6.00000,0.022
-77.00000,-6.00000,0.025
-76.00000,-6.00000,0.029
-75.00000,-6.00000,0.034
-74.00000,-6.00000,0.038
-73.00000,-6.00000,0.039
-72.00000,-6.00000,0.040
-71.00000,-6.00000,0.041
-70.00000,-6.00000,0.042
-69.00000,-6.00000,0.042
-68.00000,-6.00000,0.043
-67.00000,-6.00000,0.046
-66.00000,-6.00000,0.048
-65.00000,-6.00000,0.051
-64.00000,-6.00000,0.054
-63.00000,-6.00000,0.057
-62.00000,-6.00000,0.061
-61.00000,-6.00000,0.064
-60.00000,-6.00000,0.068
-59.00000,-6.00000,0.072
-58.00000,-6.00000,0.075
-57.00000,-6.00000,0.079
-56.00000,-6.00000,0.082
-55.00000,-6.00000,0.085
-54.00000,-6.00000,0.088
-53.00000,-6.00000,0.090
-52.00000,-6.00000,0.091
-51.00000,-6.00000,0.091
-50.00000,-6.00000,0.089
-49.00000,-6.00000,0.084
-48.00000,-6.00000,0.077
-47.00000,-6.00000,0.074
-46.00000,-6.00000,0.069
-45.00000,-6.00000,0.068
-44.00000,-6.00000,0.067
-43.00000,-6.00000,0.064
-42.00000,-6.00000,0.071
-41.00000,-6.00000,0.077
-40.00000,-6.00000,0.096
-39.00000,-6.00000,0.114
-38.00000,-6.00000,0.116
-37.00000,-6.00000,0.114
-36.00000,-6.00000,0.106
-35.00000,-6.00000,0.098
-34.00000,-6.00000,0.085
-33.00000,-6.00000,0.067
-32.00000,-6.00000,0.053
-31.00000,-6.00000,0.040
-80.00000,-5.00000,0.016
-79.00000,-5.00000,0.019
-78.00000,-5.00000,0.022
-77.00000,-5.00000,0.026
-76.00000,-5.00000,0.030
-75.00000,-5.00000,0.035
-74.00000,-5.00000,0.038
-73.00000,-5.00000,0.039
-72.00000,-5.00000,0.040
-71.00000,-5.00000,0.041
-70.00000,-5.00000,0.041
-69.00000,-5.00000,0.042
-68.00000,-5.00000,0.043
-67.00000,-5.00000,0.045
-66.00000,-5.00000,0.048
-65.00000,-5.00000,0.051
-64.00000,-5.00000,0.054
-63.00000,-5.00000,0.058
-62.00000,-5.00000,0.061
-61.00000,-5.00000,0.065
-60.00000,-5.00000,0.069
-59.00000,-5.00000,0.073
-58.00000,-5.00000,0.076
-57.00000,-5.00000,0.080
-56.00000,-5.00000,0.083
-55.00000,-5.00000,0.085
-54.00000,-5.00000,0.089
-53.00000,-5.00000,0.092
-52.00000,-5.00000,0.093
-51.00000,-5.00000,0.090
-50.00000,-5.00000,0.088
-49.00000,-5.00000,0.084
-48.00000,-5.00000,0.080
-47.00000,-5.00000,0.074
-46.00000,-5.00000,0.068
-45.00000,-5.00000,0.062
-44.00000,-5.00000,0.061
-43.00000,-5.00000,0.058
-42.00000,-5.00000,0.062
-41.00000,-5.00000,0.072
-40.00000,-5.00000,0.080
-39.00000,-5.00000,0.088
-38.00000,-5.00000,0.098
-37.00000,-5.00000,0.099
-36.00000,-5.00000,0.097
-35.00000,-5.00000,0.089
-34.00000,-5.00000,0.077
-33.00000,-5.00000,0.063
-32.00000,-5.00000,0.049
-31.00000,-5.00000,0.039
-80.00000,-4.00000,0.016
-79.00000,-4.00000,0.019
-78.00000,-4.00000,0.022
-77.00000,-4.00000,0.026
-76.00000,-4.00000,0.030
-75.00000,-4.00000,0.035
-74.00000,-4.00000,0.037
-73.00000,-4.00000,0.038
-72.00000,-4.00000,0.039
-71.00000,-4.00000,0.040
-70.00000,-4.00000,0.041
-69.00000,-4.00000,0.041
-68.00000,-4.00000,0.043
-67.00000,-4.00000,0.046
-66.00000,-4.00000,0.048
-65.00000,-4.00000,0.051
-64.00000,-4.00000,0.054
-63.00000,-4.00000,0.057
-62.00000,-4.00000,0.061
-61.00000,-4.00000,0.064
-60.00000,-4.00000,0.069
-59.00000,-4.00000,0.072
-58.00000,-4.00000,0.075
-57.00000,-4.00000,0.078
-56.00000,-4.00000,0.080
-55.00000,-4.00000,0.084
-54.00000,-4.00000,0.089
-53.00000,-4.00000,0.094
-52.00000,-4.00000,0.095
-51.00000,-4.00000,0.092
-50.00000,-4.00000,0.087
-49.00000,-4.00000,0.085
-48.00000,-4.00000,0.081
-47.00000,-4.00000,0.075
-46.00000,-4.00000,0.067
-45.00000,-4.00000,0.061
-44.00000,-4.00000,0.057
-43.00000,-4.00000,0.055
-42.00000,-4.00000,0.055
-41.00000,-4.00000,0.058
-40.00000,-4.00000,0.061
-39.00000,-4.00000,0.067
-38.00000,-4.00000,0.071
-37.00000,-4.00000,0.079
-36.00000,-4.00000,0.075
-35.00000,-4.00000,0.067
-34.00000,-4.00000,0.060
-33.00000,-4.00000,0.049
-32.00000,-4.00000,0.039
-31.00000,-4.00000,0.031
-80.00000,-3.00000,0.016
-79.00000,-3.00000,0.019
-78.00000,-3.00000,0.022
-77.00000,-3.00000,0.026
-76.00000,-3.00000,0.031
-75.00000,-3.00000,0.035
-74.00000,-3.00000,0.036
-73.00000,-3.00000,0.037
-72.00000,-3.00000,0.038
-71.00000,-3.00000,0.039
-70.00000,-3.00000,0.040
-69.00000,-3.00000,0.043
-68.00000,-3.00000,0.045
-67.00000,-3.00000,0.048
-66.00000,-3.00000,0.050
-65.00000,-3.00000,0.052
-64.00000,-3.00000,0.054
-63.00000,-3.00000,0.056
-62.00000,-3.00000,0.059
-61.00000,-3.00000,0.062
-60.00000,-3.00000,0.066
-59.00000,-3.00000,0.070
-58.00000,-3.00000,0.073
-57.00000,-3.00000,0.076
-56.00000,-3.00000,0.077
-55.00000,-3.00000,0.082
-54.00000,-3.00000,0.088
-53.00000,-3.00000,0.093
-52.00000,-3.00000,0.096
-51.00000,-3.00000,0.096
-50.00000,-3.00000,0.089
-49.00000,-3.00000,0.085
-48.00000,-3.00000,0.081
-47.00000,-3.00000,0.076
-46.00000,-3.00000,0.066
-45.00000,-3.00000,0.060
-44.00000,-3.00000,0.055
-43.00000,-3.00000,0.053
-42.00000,-3.00000,0.047
-41.00000,-3.00000,0.047
-40.00000,-3.00000,0.053
-39.00000,-3.00000,0.049
-38.00000,-3.00000,0.051
-37.00000,-3.00000,0.052
-36.00000,-3.00000,0.051
-35.00000,-3.00000,0.047
-34.00000,-3.00000,0.042
-33.00000,-3.00000,0.037
-32.00000,-3.00000,0.033
-31.00000,-3.00000,0.022
-80.00000,-2.00000,0.016
-79.00000,-2.00000,0.019
-78.00000,-2.00000,0.022
-77.00000,-2.00000,0.026
-76.00000,-2.00000,0.031
-75.00000,-2.00000,0.034
-74.00000,-2.00000,0.035
-73.00000,-2.00000,0.036
-72.00000,-2.00000,0.037
-71.00000,-2.00000,0.038
-70.00000,-2.00000,0.041
-69.00000,-2.00000,0.044
-68.00000,-2.00000,0.047
-67.00000,-2.00000,0.049
-66.00000,-2.00000,0.049
-65.00000,-2.00000,0.050
-64.00000,-2.00000,0.052
-63.00000,-2.00000,0.056
-62.00000,-2.00000,0.058
-61.00000,-2.00000,0.060
-60.00000,-2.00000,0.064
-59.00000,-2.00000,0.067
-58.00000,-2.00000,0.070
-57.00000,-2.00000,0.073
-56.00000,-2.00000,0.074
-55.00000,-2.00000,0.080
-54.00000,-2.00000,0.085
-53.00000,-2.00000,0.090
-52.00000,-2.00000,0.094
-51.00000,-2.00000,0.096
-50.00000,-2.00000,0.092
-49.00000,-2.00000,0.084
-48.00000,-2.00000,0.078
-47.00000,-2.00000,0.074
-46.00000,-2.00000,0.064
-45.00000,-2.00000,0.059
-44.00000,-2.00000,0.053
-43.00000,-2.00000,0.050
-42.00000,-2.00000,0.045
-41.00000,-2.00000,0.040
-40.00000,-2.00000,0.040
-39.00000,-2.00000,0.041
-38.00000,-2.00000,0.042
-37.00000,-2.00000,0.037
-36.00000,-2.00000,0.035
-35.00000,-2.00000,0.034
-34.00000,-2.00000,0.034
-33.00000,-2.00000,0.030
-32.00000,-2.00000,0.021
-31.00000,-2.00000,0.018
-80.00000,-1.00000,0.016
-79.00000,-1.00000,0.018
-78.00000,-1.00000,0.022
-77.00000,-1.00000,0.026
-76.00000,-1.00000,0.030
-75.00000,-1.00000,0.032
-74.00000,-1.00000,0.033
-73.00000,-1.00000,0.034
-72.00000,-1.00000,0.036
-71.00000,-1.00000,0.039
-70.00000,-1.00000,0.042
-69.00000,-1.00000,0.045
-68.00000,-1.00000,0.046
-67.00000,-1.00000,0.046
-66.00000,-1.00000,0.047
-65.00000,-1.00000,0.048
-64.00000,-1.00000,0.050
-63.00000,-1.00000,0.054
-62.00000,-1.00000,0.057
-61.00000,-1.00000,0.059
-60.00000,-1.00000,0.061
-59.00000,-1.00000,0.064
-58.00000,-1.00000,0.067
-57.00000,-1.00000,0.070
-56.00000,-1.00000,0.071
-55.00000,-1.00000,0.076
-54.00000,-1.00000,0.082
-53.00000,-1.00000,0.087
-52.00000,-1.00000,0.090
-51.00000,-1.00000,0.092
-50.00000,-1.00000,0.092
-49.00000,-1.00000,0.086
-48.00000,-1.00000,0.078
-47.00000,-1.00000,0.070
-46.00000,-1.00000,0.063
-45.00000,-1.00000,0.057
-44.00000,-1.00000,0.051
-43.00000,-1.00000,0.047
-42.00000,-1.00000,0.044
-41.00000,-1.00000,0.038
-40.00000,-1.00000,0.033
-39.00000,-1.00000,0.033
-38.00000,-1.00000,0.030
-37.00000,-1.00000,0.029
-36.00000,-1.00000,0.028
-35.00000,-1.00000,0.028
-34.00000,-1.00000,0.025
-33.00000,-1.00000,0.022
-32.00000,-1.00000,0.019
-31.00000,-1.00000,0.013
-80.00000,0.00000,0.016
-79.00000,0.00000,0.018
-78.00000,0.00000,0.021
-77.00000,0.00000,0.025
-76.00000,0.00000,0.029
-75.00000,0.00000,0.030
-74.00000,0.00000,0.032
-73.00000,0.00000,0.034
-72.00000,0.00000,0.037
-71.00000,0.00000,0.040
-70.00000,0.00000,0.042
-69.00000,0.00000,0.042
-68.00000,0.00000,0.043
-67.00000,0.00000,0.043
-66.00000,0.00000,0.044
-65.00000,0.00000,0.045
-64.00000,0.00000,0.049
-63.00000,0.00000,0.052
-62.00000,0.00000,0.054
-61.00000,0.00000,0.056
-60.00000,0.00000,0.058
-59.00000,0.00000,0.061
-58.00000,0.00000,0.064
-57.00000,0.00000,0.067
-56.00000,0.00000,0.068
-55.00000,0.00000,0.073
-54.00000,0.00000,0.076
-53.00000,0.00000,0.082
-52.00000,0.00000,0.086
-51.00000,0.00000,0.087
-50.00000,0.00000,0.086
-49.00000,0.00000,0.082
-48.00000,0.00000,0.074
-47.00000,0.00000,0.066
-46.00000,0.00000,0.060
-45.00000,0.00000,0.055
-44.00000,0.00000,0.049
-43.00000,0.00000,0.044
-42.00000,0.00000,0.040
-41.00000,0.00000,0.036
-40.00000,0.00000,0.030
-39.00000,0.00000,0.028
-38.00000,0.00000,0.026
-37.00000,0.00000,0.023
-36.00000,0.00000,0.024
-35.00000,0.00000,0.024
-34.00000,0.00000,0.023
-33.00000,0.00000,0.018
-32.00000,0.00000,0.013
-31.00000,0.00000,0.009
-80.00000,1.00000,0.016
-79.00000,1.00000,0.019
-78.00000,1.00000,0.021
-77.00000,1.00000,0.025
-76.00000,1.00000,0.027
-75.00000,1.00000,0.029
-74.00000,1.00000,0.031
-73.00000,1.00000,0.034
-72.00000,1.00000,0.036
-71.00000,1.00000,0.038
-70.00000,1.00000,0.039
-69.00000,1.00000,0.040
-68.00000,1.00000,0.040
-67.00000,1.00000,0.041
-66.00000,1.00000,0.041
-65.00000,1.00000,0.043
-64.00000,1.00000,0.046
-63.00000,1.00000,0.049
-62.00000,1.00000,0.050
-61.00000,1.00000,0.053
-60.00000,1.00000,0.055
-59.00000,1.00000,0.059
-58.00000,1.00000,0.060
-57.00000,1.00000,0.063
-56.00000,1.00000,0.064
-55.00000,1.00000,0.069
-54.00000,1.00000,0.071
-53.00000,1.00000,0.073
-52.00000,1.00000,0.076
-51.00000,1.00000,0.078
-50.00000,1.00000,0.076
-49.00000,1.00000,0.072
-48.00000,1.00000,0.066
-47.00000,1.00000,0.062
-46.00000,1.00000,0.057
-45.00000,1.00000,0.052
-44.00000,1.00000,0.047
-43.00000,1.00000,0.042
-42.00000,1.00000,0.037
-41.00000,1.00000,0.033
-40.00000,1.00000,0.029
-39.00000,1.00000,0.024
-38.00000,1.00000,0.021
-37.00000,1.00000,0.019
-36.00000,1.00000,0.018
-35.00000,1.00000,0.016
-34.00000,1.00000,0.015
-33.00000,1.00000,0.011
-32.00000,1.00000,0.008
-31.00000,1.00000,0.007
-80.00000,2.00000,0.016
-79.00000,2.00000,0.019
-78.00000,2.00000,0.021
-77.00000,2.00000,0.024
-76.00000,2.00000,0.026
-75.00000,2.00000,0.028
-74.00000,2.00000,0.030
-73.00000,2.00000,0.032
-72.00000,2.00000,0.033
-71.00000,2.00000,0.035
-70.00000,2.00000,0.036
-69.00000,2.00000,0.037
-68.00000,2.00000,0.037
-67.00000,2.00000,0.038
-66.00000,2.00000,0.038
-65.00000,2.00000,0.041
-64.00000,2.00000,0.044
-63.00000,2.00000,0.045
-62.00000,2.00000,0.047
-61.00000,2.00000,0.049
-60.00000,2.00000,0.051
-59.00000,2.00000,0.055
-58.00000,2.00000,0.060
-57.00000,2.00000,0.059
-56.00000,2.00000,0.060
-55.00000,2.00000,0.064
-54.00000,2.00000,0.066
-53.00000,2.00000,0.068
-52.00000,2.00000,0.069
-51.00000,2.00000,0.068
-50.00000,2.00000,0.067
-49.00000,2.00000,0.065
-48.00000,2.00000,0.062
-47.00000,2.00000,0.058
-46.00000,2.00000,0.054
-45.00000,2.00000,0.049
-44.00000,2.00000,0.044
-43.00000,2.00000,0.039
-42.00000,2.00000,0.035
-41.00000,2.00000,0.031
-40.00000,2.00000,0.026
-39.00000,2.00000,0.023
-38.00000,2.00000,0.019
-37.00000,2.00000,0.015
-36.00000,2.00000,0.015
-35.00000,2.00000,0.013
-34.00000,2.00000,0.010
-33.00000,2.00000,0.009
-32.00000,2.00000,0.007
-31.00000,2.00000,0.006
-80.00000,3.00000,0.016
-79.00000,3.00000,0.018
-78.00000,3.00000,0.021
-77.00000,3.00000,0.022
-76.00000,3.00000,0.024
-75.00000,3.00000,0.026
-74.00000,3.00000,0.028
-73.00000,3.00000,0.029
-72.00000,3.00000,0.030
-71.00000,3.00000,0.032
-70.00000,3.00000,0.033
-69.00000,3.00000,0.034
-68.00000,3.00000,0.034
-67.00000,3.00000,0.035
-66.00000,3.00000,0.035
-65.00000,3.00000,0.038
-64.00000,3.00000,0.040
-63.00000,3.00000,0.041
-62.00000,3.00000,0.043
-61.00000,3.00000,0.045
-60.00000,3.00000,0.047
-59.00000,3.00000,0.051
-58.00000,3.00000,0.055
-57.00000,3.00000,0.057
-56.00000,3.00000,0.057
-55.00000,3.00000,0.059
-54.00000,3.00000,0.061
-53.00000,3.00000,0.062
-52.00000,3.00000,0.063
-51.00000,3.00000,0.063
-50.00000,3.00000,0.062
-49.00000,3.00000,0.060
-48.00000,3.00000,0.057
-47.00000,3.00000,0.054
-46.00000,3.00000,0.050
-45.00000,3.00000,0.045
-44.00000,3.00000,0.041
-43.00000,3.00000,0.036
-42.00000,3.00000,0.031
-41.00000,3.00000,0.027
-40.00000,3.00000,0.025
-39.00000,3.00000,0.021
-38.00000,3.00000,0.017
-37.00000,3.00000,0.014
-36.00000,3.00000,0.012
-35.00000,3.00000,0.011
-34.00000,3.00000,0.009
-33.00000,3.00000,0.008
-32.00000,3.00000,0.006
-31.00000,3.00000,0.005
-80.00000,4.00000,0.016
-79.00000,4.00000,0.017
-78.00000,4.00000,0.019
-77.00000,4.00000,0.020
-76.00000,4.00000,0.022
-75.00000,4.00000,0.023
-74.00000,4.00000,0.025
-73.00000,4.00000,0.026
-72.00000,4.00000,0.028
-71.00000,4.00000,0.029
-70.00000,4.00000,0.030
-69.00000,4.00000,0.031
-68.00000,4.00000,0.031
-67.00000,4.00000,0.031
-66.00000,4.00000,0.032
-65.00000,4.00000,0.035
-64.00000,4.00000,0.036
-63.00000,4.00000,0.038
-62.00000,4.00000,0.039
-61.00000,4.00000,0.041
-60.00000,4.00000,0.043
-59.00000,4.00000,0.046
-58.00000,4.00000,0.050
-57.00000,4.00000,0.055
-56.00000,4.00000,0.053
-55.00000,4.00000,0.053
-54.00000,4.00000,0.055
-53.00000,4.00000,0.057
-52.00000,4.00000,0.057
-51.00000,4.00000,0.057
-50.00000,4.00000,0.056
-49.00000,4.00000,0.055
-48.00000,4.00000,0.052
-47.00000,4.00000,0.049
-46.00000,4.00000,0.046
-45.00000,4.00000,0.042
-44.00000,4.00000,0.037
-43.00000,4.00000,0.033
-42.00000,4.00000,0.029
-41.00000,4.00000,0.025
-40.00000,4.00000,0.021
-39.00000,4.00000,0.018
-38.00000,4.00000,0.016
-37.00000,4.00000,0.013
-36.00000,4.00000,0.011
-35.00000,4.00000,0.009
-34.00000,4.00000,0.008
-33.00000,4.00000,0.007
-32.00000,4.00000,0.005
-31.00000,4.00000,0.004
-80.00000,5.00000,0.014
-79.00000,5.00000,0.015
-78.00000,5.00000,0.017
-77.00000,5.00000,0.018
-76.00000,5.00000,0.020
-75.00000,5.00000,0.021
-74.00000,5.00000,0.022
-73.00000,5.00000,0.024
-72.00000,5.00000,0.025
-71.00000,5.00000,0.026
-70.00000,5.00000,0.027
-69.00000,5.00000,0.028
-68.00000,5.00000,0.028
-67.00000,5.00000,0.028
-66.00000,5.00000,0.030
-65.00000,5.00000,0.032
-64.00000,5.00000,0.033
-63.00000,5.00000,0.034
-62.00000,5.00000,0.035
-61.00000,5.00000,0.037
-60.00000,5.00000,0.039
-59.00000,5.00000,0.041
-58.00000,5.00000,0.045
-57.00000,5.00000,0.049
-56.00000,5.00000,0.050
-55.00000,5.00000,0.048
-54.00000,5.00000,0.050
-53.00000,5.00000,0.051
-52.00000,5.00000,0.052
-51.00000,5.00000,0.051
-50.00000,5.00000,0.051
-49.00000,5.00000,0.049
-48.00000,5.00000,0.047
-47.00000,5.00000,0.044
-46.00000,5.00000,0.041
-45.00000,5.00000,0.038
-44.00000,5.00000,0.034
-43.00000,5.00000,0.030
-42.00000,5.00000,0.026
-41.00000,5.00000,0.022
-40.00000,5.00000,0.019
-39.00000,5.00000,0.016
-38.00000,5.00000,0.013
-37.00000,5.00000,0.012
-36.00000,5.00000,0.010
-35.00000,5.00000,0.008
-34.00000,5.00000,0.007
-33.00000,5.00000,0.006
-32.00000,5.00000,0.005
-31.00000,5.00000,0.004
-80.00000,6.00000,0.013
-79.00000,6.00000,0.014
-78.00000,6.00000,0.015
-77.00000,6.00000,0.016
-76.00000,6.00000,0.018
-75.00000,6.00000,0.019
-74.00000,6.00000,0.020
-73.00000,6.00000,0.021
-72.00000,6.00000,0.022
-71.00000,6.00000,0.023
-70.00000,6.00000,0.024
-69.00000,6.00000,0.025
-68.00000,6.00000,0.025
-67.00000,6.00000,0.025
-66.00000,6.00000,0.027
-65.00000,6.00000,0.029
-64.00000,6.00000,0.030
-63.00000,6.00000,0.032
-62.00000,6.00000,0.033
-61.00000,6.00000,0.034
-60.00000,6.00000,0.034
-59.00000,6.00000,0.037
-58.00000,6.00000,0.040
-57.00000,6.00000,0.043
-56.00000,6.00000,0.047
-55.00000,6.00000,0.045
-54.00000,6.00000,0.045
-53.00000,6.00000,0.045
-52.00000,6.00000,0.046
-51.00000,6.00000,0.046
-50.00000,6.00000,0.045
-49.00000,6.00000,0.044
-48.00000,6.00000,0.042
-47.00000,6.00000,0.039
-46.00000,6.00000,0.037
-45.00000,6.00000,0.033
-44.00000,6.00000,0.030
-43.00000,6.00000,0.027
-42.00000,6.00000,0.023
-41.00000,6.00000,0.020
-40.00000,6.00000,0.017
-39.00000,6.00000,0.014
-38.00000,6.00000,0.012
-37.00000,6.00000,0.010
-36.00000,6.00000,0.008
-35.00000,6.00000,0.007
-34.00000,6.00000,0.006
-33.00000,6.00000,0.005
-32.00000,6.00000,0.004
-31.00000,6.00000,0.003
-80.00000,7.00000,0.011
-79.00000,7.00000,0.012
-78.00000,7.00000,0.014
-77.00000,7.00000,0.014
-76.00000,7.00000,0.016
-75.00000,7.00000,0.017
-74.00000,7.00000,0.018
-73.00000,7.00000,0.019
-72.00000,7.00000,0.020
-71.00000,7.00000,0.020
-70.00000,7.00000,0.021
-69.00000,7.00000,0.022
-68.00000,7.00000,0.022
-67.00000,7.00000,0.023
-66.00000,7.00000,0.025
-65.00000,7.00000,0.026
-64.00000,7.00000,0.028
-63.00000,7.00000,0.029
-62.00000,7.00000,0.030
-61.00000,7.00000,0.031
-60.00000,7.00000,0.031
-59.00000,7.00000,0.032
-58.00000,7.00000,0.035
-57.00000,7.00000,0.038
-56.00000,7.00000,0.041
-55.00000,7.00000,0.042
-54.00000,7.00000,0.040
-53.00000,7.00000,0.040
-52.00000,7.00000,0.040
-51.00000,7.00000,0.040
-50.00000,7.00000,0.039
-49.00000,7.00000,0.038
-48.00000,7.00000,0.037
-47.00000,7.00000,0.035
-46.00000,7.00000,0.032
-45.00000,7.00000,0.029
-44.00000,7.00000,0.026
-43.00000,7.00000,0.023
-42.00000,7.00000,0.021
-41.00000,7.00000,0.018
-40.00000,7.00000,0.015
-39.00000,7.00000,0.013
-38.00000,7.00000,0.011
-37.00000,7.00000,0.009
-36.00000,7.00000,0.007
-35.00000,7.00000,0.006
-34.00000,7.00000,0.004
-33.00000,7.00000,0.003
-32.00000,7.00000,0.003
-31.00000,7.00000,0.002
-80.00000,8.00000,0.010
-79.00000,8.00000,0.011
-78.00000,8.00000,0.012
-77.00000,8.00000,0.013
-76.00000,8.00000,0.014
-75.00000,8.00000,0.015
-74.00000,8.00000,0.015
-73.00000,8.00000,0.016
-72.00000,8.00000,0.017
-71.00000,8.00000,0.018
-70.00000,8.00000,0.019
-69.00000,8.00000,0.019
-68.00000,8.00000,0.020
-67.00000,8.00000,0.020
-66.00000,8.00000,0.022
-65.00000,8.00000,0.024
-64.00000,8.00000,0.025
-63.00000,8.00000,0.026
-62.00000,8.00000,0.027
-61.00000,8.00000,0.028
-60.00000,8.00000,0.028
-59.00000,8.00000,0.028
-58.00000,8.00000,0.030
-57.00000,8.00000,0.032
-56.00000,8.00000,0.035
-55.00000,8.00000,0.037
-54.00000,8.00000,0.037
-53.00000,8.00000,0.035
-52.00000,8.00000,0.035
-51.00000,8.00000,0.034
-50.00000,8.00000,0.034
-49.00000,8.00000,0.033
-48.00000,8.00000,0.032
-47.00000,8.00000,0.030
-46.00000,8.00000,0.028
-45.00000,8.00000,0.025
-44.00000,8.00000,0.023
-43.00000,8.00000,0.020
-42.00000,8.00000,0.018
-41.00000,8.00000,0.015
-40.00000,8.00000,0.013
-39.00000,8.00000,0.012
-38.00000,8.00000,0.010
-37.00000,8.00000,0.008
-36.00000,8.00000,0.006
-35.00000,8.00000,0.005
-34.00000,8.00000,0.004
-33.00000,8.00000,0.003
-32.00000,8.00000,0.002
-31.00000,8.00000,0.002
-80.00000,9.00000,0.008
-79.00000,9.00000,0.010
-78.00000,9.00000,0.010
-77.00000,9.00000,0.011
-76.00000,9.00000,0.012
-75.00000,9.00000,0.013
-74.00000,9.00000,0.013
-73.00000,9.00000,0.014
-72.00000,9.00000,0.015
-71.00000,9.00000,0.015
-70.00000,9.00000,0.016
-69.00000,9.00000,0.017
-68.00000,9.00000,0.017
-67.00000,9.00000,0.018
-66.00000,9.00000,0.020
-65.00000,9.00000,0.021
-64.00000,9.00000,0.023
-63.00000,9.00000,0.024
-62.00000,9.00000,0.024
-61.00000,9.00000,0.025
-60.00000,9.00000,0.025
-59.00000,9.00000,0.025
-58.00000,9.00000,0.026
-57.00000,9.00000,0.028
-56.00000,9.00000,0.029
-55.00000,9.00000,0.031
-54.00000,9.00000,0.033
-53.00000,9.00000,0.033
-52.00000,9.00000,0.031
-51.00000,9.00000,0.029
-50.00000,9.00000,0.029
-49.00000,9.00000,0.028
-48.00000,9.00000,0.027
-47.00000,9.00000,0.025
-46.00000,9.00000,0.024
-45.00000,9.00000,0.022
-44.00000,9.00000,0.020
-43.00000,9.00000,0.017
-42.00000,9.00000,0.015
-41.00000,9.00000,0.013
-40.00000,9.00000,0.012
-39.00000,9.00000,0.010
-38.00000,9.00000,0.008
-37.00000,9.00000,0.007
-36.00000,9.00000,0.005
-35.00000,9.00000,0.004
-34.00000,9.00000,0.003
-33.00000,9.00000,0.002
-32.00000,9.00000,0.002
-31.00000,9.00000,0.001
-80.00000,10.00000,0.007
-79.00000,10.00000,0.008
-78.00000,10.00000,0.009
-77.00000,10.00000,0.010
-76.00000,10.00000,0.010
-75.00000,10.00000,0.011
-74.00000,10.00000,0.012
-73.00000,10.00000,0.012
-72.00000,10.00000,0.013
-71.00000,10.00000,0.013
-70.00000,10.00000,0.014
-69.00000,10.00000,0.014
-68.00000,10.00000,0.015
-67.00000,10.00000,0.016
-66.00000,10.00000,0.017
-65.00000,10.00000,0.019
-64.00000,10.00000,0.020
-63.00000,10.00000,0.021
-62.00000,10.00000,0.022
-61.00000,10.00000,0.022
-60.00000,10.00000,0.023
-59.00000,10.00000,0.023
-58.00000,10.00000,0.023
-57.00000,10.00000,0.023
-56.00000,10.00000,0.025
-55.00000,10.00000,0.026
-54.00000,10.00000,0.027
-53.00000,10.00000,0.029
-52.00000,10.00000,0.029
-51.00000,10.00000,0.027
-50.00000,10.00000,0.025
-49.00000,10.00000,0.024
-48.00000,10.00000,0.023
-47.00000,10.00000,0.021
-46.00000,10.00000,0.020
-45.00000,10.00000,0.018
-44.00000,10.00000,0.016
-43.00000,10.00000,0.015
-42.00000,10.00000,0.013
-41.00000,10.00000,0.012
-40.00000,10.00000,0.010
-39.00000,10.00000,0.009
-38.00000,10.00000,0.007
-37.00000,10.00000,0.006
-36.00000,10.00000,0.005
-35.00000,10.00000,0.004
-34.00000,10.00000,0.003
-33.00000,10.00000,0.002
-32.00000,10.00000,0.002
-31.00000,10.00000,0.001
-80.00000,11.00000,0.006
-79.00000,11.00000,0.007
-78.00000,11.00000,0.008
-77.00000,11.00000,0.008
-76.00000,11.00000,0.009
-75.00000,11.00000,0.009
-74.00000,11.00000,0.010
-73.00000,11.00000,0.010
-72.00000,11.00000,0.011
-71.00000,11.00000,0.012
-70.00000,11.00000,0.012
-69.00000,11.00000,0.012
-68.00000,11.00000,0.013
-67.00000,11.00000,0.014
-66.00000,11.00000,0.015
-65.00000,11.00000,0.017
-64.00000,11.00000,0.018
-63.00000,11.00000,0.019
-62.00000,11.00000,0.019
-61.00000,11.00000,0.020
-60.00000,11.00000,0.020
-59.00000,11.00000,0.020
-58.00000,11.00000,0.020
-57.00000,11.00000,0.020
-56.00000,11.00000,0.020
-55.00000,11.00000,0.021
-54.00000,11.00000,0.023
-53.00000,11.00000,0.023
-52.00000,11.00000,0.024
-51.00000,11.00000,0.024
-50.00000,11.00000,0.022
-49.00000,11.00000,0.020
-48.00000,11.00000,0.020
-47.00000,11.00000,0.019
-46.00000,11.00000,0.017
-45.00000,11.00000,0.016
-44.00000,11.00000,0.015
-43.00000,11.00000,0.013
-42.00000,11.00000,0.012
-41.00000,11.00000,0.010
-40.00000,11.00000,0.008
-39.00000,11.00000,0.007
-38.00000,11.00000,0.006
-37.00000,11.00000,0.005
-36.00000,11.00000,0.004
-35.00000,11.00000,0.003
-34.00000,11.00000,0.002
-33.00000,11.00000,0.002
-32.00000,11.00000,0.001
-31.00000,11.00000,0.001
-80.00000,12.00000,0.005
-79.00000,12.00000,0.006
-78.00000,12.00000,0.006
-77.00000,12.00000,0.007
-76.00000,12.00000,0.007
-75.00000,12.00000,0.008
-74.00000,12.00000,0.008
-73.00000,12.00000,0.009
-72.00000,12.00000,0.010
-71.00000,12.00000,0.010
-70.00000,12.00000,0.010
-69.00000,12.00000,0.010
-68.00000,12.00000,0.011
-67.00000,12.00000,0.012
-66.00000,12.00000,0.013
-65.00000,12.00000,0.014
-64.00000,12.00000,0.016
-63.00000,12.00000,0.017
-62.00000,12.00000,0.017
-61.00000,12.00000,0.017
-60.00000,12.00000,0.018
-59.00000,12.00000,0.018
-58.00000,12.00000,0.018
-57.00000,12.00000,0.017
-56.00000,12.00000,0.017
-55.00000,12.00000,0.017
-54.00000,12.00000,0.018
-53.00000,12.00000,0.019
-52.00000,12.00000,0.019
-51.00000,12.00000,0.020
-50.00000,12.00000,0.019
-49.00000,12.00000,0.018
-48.00000,12.00000,0.016
-47.00000,12.00000,0.015
-46.00000,12.00000,0.014
-45.00000,12.00000,0.013
-44.00000,12.00000,0.012
-43.00000,12.00000,0.011
-42.00000,12.00000,0.009
-41.00000,12.00000,0.008
-40.00000,12.00000,0.007
-39.00000,12.00000,0.006
-38.00000,12.00000,0.005
-37.00000,12.00000,0.004
-36.00000,12.00000,0.003
-35.00000,12.00000,0.002
-34.00000,12.00000,0.002
-33.00000,12.00000,0.002
-32.00000,12.00000,0.001
-31.00000,12.00000,0.001
-80.00000,13.00000,0.005
-79.00000,13.00000,0.005
-78.00000,13.00000,0.005
-77.00000,13.00000,0.006
-76.00000,13.00000,0.006
-75.00000,13.00000,0.007
-74.00000,13.00000,0.008
-73.00000,13.00000,0.008
-72.00000,13.00000,0.008
-71.00000,13.00000,0.008
-70.00000,13.00000,0.009
-69.00000,13.00000,0.009
-68.00000,13.00000,0.009
-67.00000,13.00000,0.010
-66.00000,13.00000,0.011
-65.00000,13.00000,0.012
-64.00000,13.00000,0.013
-63.00000,13.00000,0.015
-62.00000,13.00000,0.015
-61.00000,13.00000,0.015
-60.00000,13.00000,0.015
-59.00000,13.00000,0.015
-58.00000,13.00000,0.015
-57.00000,13.00000,0.015
-56.00000,13.00000,0.015
-55.00000,13.00000,0.015
-54.00000,13.00000,0.014
-53.00000,13.00000,0.015
-52.00000,13.00000,0.015
-51.00000,13.00000,0.016
-50.00000,13.00000,0.015
-49.00000,13.00000,0.015
-48.00000,13.00000,0.014
-47.00000,13.00000,0.013
-46.00000,13.00000,0.011
-45.00000,13.00000,0.010
-44.00000,13.00000,0.010
-43.00000,13.00000,0.008
-42.00000,13.00000,0.007
-41.00000,13.00000,0.006
-40.00000,13.00000,0.006
-39.00000,13.00000,0.005
-38.00000,13.00000,0.004
-37.00000,13.00000,0.003
-36.00000,13.00000,0.002
-35.00000,13.00000,0.002
-34.00000,13.00000,0.002
-33.00000,13.00000,0.001
-32.00000,13.00000,0.001
-31.00000,13.00000,0.001
